Impact driver,
Air compressor,
Alligator shear,
Angle grinder,
Bandsaw,
Belt sander,
Biscuit joiner,
Brushcutter,
Ceramic tile cutter,
Chainsaw,
Circular saw,
Concrete saw,
Cold saw,
Crusher,
Diamond blade,
Diamond tools,
Disc sander,
Drill,
Floor sander,
Food Processor,
Grinding machine,
Heat gun,
Hedgecutter,
Impact wrench,
Iron,
Jackhammer,
Jointer,
Jigsaw,
Knitting Machine,
Lathe,
Lawn Mower,
Leafblower,
Miter saw,
Nail gun,
Needle scaler,
Pneumatic torque wrench,
Powder-actuated tools,
Power wrench,
Radial arm saw,
Random orbital sander,
Reciprocating saw,
Rotary reciprocating saw,
Rotary tool,
Rotovator,
Sabre saw,
Sander,
Scrollsaw,
Sewing Machine,
Steel cut off saw,
Strimmer,
Table saw,
Thickness planer,
Trimmer,
Vacuum Cleaner,
Wall chaser,
Wood router,
